DOR Code,LEA Code,Municipality,County,Cherry Sheet FY,Population,DOR Income,DOR Income Per Capita,EQV,EQV Per Capita
001,1,Abington,PLYMOUTH,2020,"16,227","574,456,000","35,401","2,103,633,000","129,638"
002,2,Acton,MIDDLESEX,2020,"23,549","1,643,014,000","69,770","4,597,929,200","195,249"
003,3,Acushnet,BRISTOL,2020,"10,477","319,854,000","30,529","1,214,098,100","115,882"
004,4,Adams,BERKSHIRE,2020,"8,187","185,441,000","22,651","525,826,800","64,227"
005,5,Agawam,HAMPDEN,2020,"28,839","824,403,000","28,586","3,067,519,900","106,367"
006,6,Alford,BERKSHIRE,2020,495,"14,085,000","28,455","279,820,300","565,294"
007,7,Amesbury,ESSEX,2020,"17,414","613,383,000","35,224","2,273,556,700","130,559"
008,8,Amherst,HAMPSHIRE,2020,"39,833","716,838,000","17,996","2,516,974,800","63,188"
009,9,Andover,ESSEX,2020,"35,299","2,659,092,000","75,331","8,453,211,200","239,475"
010,10,Arlington,MIDDLESEX,2020,"44,815","2,537,927,000","56,631","10,614,146,500","236,844"
011,11,Ashburnham,WORCESTER,2020,"6,209","219,074,000","35,283","640,811,300","103,207"
012,12,Ashby,MIDDLESEX,2020,"3,226","99,859,000","30,954","319,398,200","99,008"
013,13,Ashfield,FRANKLIN,2020,"1,723","45,637,000","26,487","248,466,800","144,206"
014,14,Ashland,MIDDLESEX,2020,"17,573","842,937,000","47,968","2,809,780,000","159,892"
015,15,Athol,WORCESTER,2020,"11,654","228,535,000","19,610","730,647,700","62,695"
016,16,Attleboro,BRISTOL,2020,"44,284","1,412,024,000","31,886","4,710,804,300","106,377"
017,17,Auburn,WORCESTER,2020,"16,516","558,984,000","33,845","2,175,990,900","131,750"
018,18,Avon,NORFOLK,2020,"4,498","153,125,000","34,043","855,860,900","190,276"
019,19,Ayer,MIDDLESEX,2020,"8,001","270,599,000","33,821","1,219,304,900","152,394"
020,20,Barnstable,BARNSTABLE,2020,"44,331","1,795,132,000","40,494","14,932,044,600","336,831"
021,21,Barre,WORCESTER,2020,"5,496","139,052,000","25,301","458,372,300","83,401"
022,22,Becket,BERKSHIRE,2020,"1,762","45,016,000","25,548","523,623,000","297,175"
023,23,Bedford,MIDDLESEX,2020,"14,171","912,941,000","64,423","3,957,585,000","279,274"
024,24,Belchertown,HAMPSHIRE,2020,"14,929","518,919,000","34,759","1,554,339,300","104,115"
025,25,Bellingham,NORFOLK,2020,"16,891","591,395,000","35,012","2,504,502,600","148,274"
026,26,Belmont,MIDDLESEX,2020,"25,584","2,154,400,000","84,209","7,850,565,400","306,854"
027,27,Berkley,BRISTOL,2020,"6,658","247,403,000","37,159","880,793,800","132,291"
028,28,Berlin,WORCESTER,2020,"3,020","148,937,000","49,317","642,333,300","212,693"
029,29,Bernardston,FRANKLIN,2020,"2,101","60,442,000","28,768","216,624,000","103,105"
030,30,Beverly,ESSEX,2020,"41,186","1,799,695,000","43,697","6,939,374,700","168,489"
031,31,Billerica,MIDDLESEX,2020,"42,683","1,577,769,000","36,965","6,791,697,200","159,119"
032,32,Blackstone,WORCESTER,2020,"9,104","285,738,000","31,386","972,102,100","106,777"
033,33,Blandford,HAMPDEN,2020,"1,259","37,164,000","29,519","174,764,000","138,812"
034,34,Bolton,WORCESTER,2020,"5,180","386,836,000","74,679","1,087,848,200","210,009"
035,35,Boston,SUFFOLK,2020,"667,137","30,176,018,000","45,232","179,793,040,700","269,499"
036,36,Bourne,BARNSTABLE,2020,"19,681","690,854,000","35,103","4,814,391,000","244,621"
037,37,Boxborough,MIDDLESEX,2020,"5,206","334,206,000","64,196","1,177,906,300","226,259"
038,38,Boxford,ESSEX,2020,"8,253","709,595,000","85,980","1,868,910,500","226,452"
039,39,Boylston,WORCESTER,2020,"4,534","250,318,000","55,209","766,982,300","169,162"
040,40,Braintree,NORFOLK,2020,"37,497","1,551,692,000","41,382","7,187,550,000","191,683"
041,41,Brewster,BARNSTABLE,2020,"9,918","327,643,000","33,035","4,100,984,500","413,489"
042,42,Bridgewater,PLYMOUTH,2020,"27,628","860,796,000","31,157","3,016,111,400","109,169"
043,43,Brimfield,HAMPDEN,2020,"3,741","127,410,000","34,058","439,485,600","117,478"
044,44,Brockton,PLYMOUTH,2020,"95,314","1,972,261,000","20,692","7,675,101,300","80,524"
045,45,Brookfield,WORCESTER,2020,"3,411","94,919,000","27,827","276,658,600","81,108"
046,46,Brookline,NORFOLK,2020,"59,195","4,462,915,000","75,393","24,547,879,100","414,695"
047,47,Buckland,FRANKLIN,2020,"1,864","39,399,461","21,137","216,985,500","116,409"
048,48,Burlington,MIDDLESEX,2020,"25,920","1,196,707,000","46,169","7,011,898,700","270,521"
049,49,Cambridge,MIDDLESEX,2020,"110,402","6,443,305,000","58,362","49,449,365,600","447,903"
050,50,Canton,NORFOLK,2020,"22,817","1,313,754,000","57,578","5,111,198,800","224,008"
051,51,Carlisle,MIDDLESEX,2020,"5,245","572,602,000","109,171","1,544,199,600","294,414"
052,52,Carver,PLYMOUTH,2020,"11,629","348,353,000","29,956","1,394,846,000","119,945"
053,53,Charlemont,FRANKLIN,2020,"1,234","26,057,000","21,116","142,686,500","115,629"
054,54,Charlton,WORCESTER,2020,"13,406","488,509,000","36,440","1,610,444,700","120,129"
055,55,Chatham,BARNSTABLE,2020,"6,143","329,994,000","53,719","7,374,670,100","1,200,500"
056,56,Chelmsford,MIDDLESEX,2020,"35,149","1,870,365,000","53,212","5,849,923,100","166,432"
057,57,Chelsea,SUFFOLK,2020,"39,398","707,032,000","17,946","3,534,210,300","89,705"
058,58,Cheshire,BERKSHIRE,2020,"3,158","92,867,000","29,407","308,072,500","97,553"
059,59,Chester,HAMPDEN,2020,"1,372","30,751,000","22,413","125,043,400","91,140"
060,60,Chesterfield,HAMPSHIRE,2020,"1,249","27,973,000","22,396","157,870,800","126,398"
061,61,Chicopee,HAMPDEN,2020,"56,741","1,114,483,000","19,642","3,998,413,400","70,468"
062,62,Chilmark,DUKES,2020,916,"49,205,000","53,717","3,358,805,700","3,666,818"
063,63,Clarksburg,BERKSHIRE,2020,"1,659","38,787,000","23,380","128,418,100","77,407"
064,64,Clinton,WORCESTER,2020,"13,805","418,699,000","30,330","1,385,425,600","100,357"
065,65,Cohasset,NORFOLK,2020,"8,393","966,615,000","115,169","3,075,090,800","366,388"
066,66,Colrain,FRANKLIN,2020,"1,647","41,772,000","25,362","179,350,200","108,895"
067,67,Concord,MIDDLESEX,2020,"19,830","2,291,122,000","115,538","6,572,447,900","331,440"
068,68,Conway,FRANKLIN,2020,"1,881","68,131,000","36,221","270,902,400","144,020"
069,69,Cummington,HAMPSHIRE,2020,871,"23,201,000","26,637","130,242,300","149,532"
070,70,Dalton,BERKSHIRE,2020,"6,661","209,679,000","31,479","616,299,000","92,523"
071,71,Danvers,ESSEX,2020,"27,849","1,159,162,000","41,623","5,183,902,300","186,143"
072,72,Dartmouth,BRISTOL,2020,"34,715","1,186,773,000","34,186","5,885,151,300","169,528"
073,73,Dedham,NORFOLK,2020,"25,397","1,400,955,000","55,162","5,319,862,700","209,468"
074,74,Deerfield,FRANKLIN,2020,"5,015","202,027,000","40,285","711,485,200","141,871"
075,75,Dennis,BARNSTABLE,2020,"14,005","469,358,000","33,514","7,229,652,400","516,219"
076,76,Dighton,BRISTOL,2020,"7,399","259,884,000","35,124","1,019,183,000","137,746"
077,77,Douglas,WORCESTER,2020,"8,728","323,988,000","37,121","1,022,069,000","117,102"
078,78,Dover,NORFOLK,2020,"5,961","1,369,067,000","229,671","2,646,446,400","443,960"
079,79,Dracut,MIDDLESEX,2020,"31,352","1,061,254,000","33,850","3,647,155,100","116,329"
080,80,Dudley,WORCESTER,2020,"11,587","316,207,000","27,290","1,016,192,300","87,701"
081,81,Dunstable,MIDDLESEX,2020,"3,435","187,583,000","54,609","551,243,500","160,478"
082,82,Duxbury,PLYMOUTH,2020,"15,483","1,441,663,000","93,113","4,265,308,000","275,483"
083,83,East Bridgewater,PLYMOUTH,2020,"14,343","478,509,000","33,362","1,751,566,500","122,120"
084,84,East Brookfield,WORCESTER,2020,"2,187","67,904,000","31,049","253,517,600","115,920"
085,87,East Longmeadow,HAMPDEN,2020,"16,213","666,532,000","41,111","1,986,089,000","122,500"
086,85,Eastham,BARNSTABLE,2020,"4,915","166,437,000","33,863","2,976,889,500","605,674"
087,86,Easthampton,HAMPSHIRE,2020,"16,030","463,815,000","28,934","1,554,415,700","96,969"
088,88,Easton,BRISTOL,2020,"23,908","1,157,143,000","48,400","3,609,247,100","150,964"
089,89,Edgartown,DUKES,2020,"4,306","225,215,000","52,303","8,635,274,400","2,005,405"
090,90,Egremont,BERKSHIRE,2020,"1,210","29,606,000","24,468","447,001,500","369,423"
091,91,Erving,FRANKLIN,2020,"1,776","35,067,000","19,745","895,171,300","504,038"
092,92,Essex,ESSEX,2020,"3,661","192,525,000","52,588","867,344,300","236,915"
093,93,Everett,MIDDLESEX,2020,"46,050","943,864,000","20,497","5,767,100,400","125,236"
094,94,Fairhaven,BRISTOL,2020,"16,140","459,024,000","28,440","2,181,956,700","135,189"
095,95,Fall River,BRISTOL,2020,"88,777","1,527,800,000","17,209","5,571,429,500","62,758"
096,96,Falmouth,BARNSTABLE,2020,"31,524","1,219,065,000","38,671","12,342,275,400","391,520"
097,97,Fitchburg,WORCESTER,2020,"40,545","785,408,000","19,371","2,522,862,600","62,224"
098,98,Florida,BERKSHIRE,2020,730,"13,603,000","18,634","123,293,200","168,895"
099,99,Foxborough,NORFOLK,2020,"17,456","913,977,000","52,359","3,309,738,100","189,605"
100,100,Framingham,MIDDLESEX,2020,"71,209","2,490,382,000","34,973","9,773,587,600","137,252"
101,101,Franklin,NORFOLK,2020,"33,147","1,619,056,000","48,845","5,401,593,400","162,959"
102,102,Freetown,BRISTOL,2020,"9,179","329,541,000","35,902","1,416,388,700","154,308"
103,103,Gardner,WORCESTER,2020,"20,333","417,473,000","20,532","1,296,897,500","63,783"
104,104,Aquinnah,DUKES,2020,328,"5,883,000","17,936","793,211,500","2,418,328"
105,105,Georgetown,ESSEX,2020,"8,584","427,856,000","49,843","1,323,463,100","154,178"
106,106,Gill,FRANKLIN,2020,"1,492","37,780,000","25,322","160,146,100","107,337"
107,107,Gloucester,ESSEX,2020,"29,781","1,095,719,000","36,793","6,746,082,000","226,523"
108,108,Goshen,HAMPSHIRE,2020,"1,070","13,716,000","12,819","154,513,800","144,405"
109,109,Gosnold,DUKES,2020,77,"2,627,000","34,117","232,178,900","3,015,310"
110,110,Grafton,WORCESTER,2020,"18,540","927,942,000","50,051","2,596,289,300","140,037"
111,111,Granby,HAMPSHIRE,2020,"6,352","201,537,000","31,728","650,048,400","102,338"
112,112,Granville,HAMPDEN,2020,"1,622","53,526,000","33,000","203,242,200","125,303"
113,113,Great Barrington,BERKSHIRE,2020,"6,907","275,383,000","39,870","1,480,946,600","214,412"
114,114,Greenfield,FRANKLIN,2020,"17,450","379,146,000","21,728","1,502,607,800","86,109"
115,115,Groton,MIDDLESEX,2020,"11,296","785,661,000","69,552","1,781,386,100","157,701"
116,116,Groveland,ESSEX,2020,"6,750","262,508,000","38,890","976,713,800","144,698"
117,117,Hadley,HAMPSHIRE,2020,"5,352","176,458,000","32,970","1,040,640,500","194,440"
118,118,Halifax,PLYMOUTH,2020,"7,834","278,929,000","35,605","953,128,900","121,666"
119,119,Hamilton,ESSEX,2020,"8,179","603,914,000","73,837","1,613,578,500","197,283"
120,120,Hampden,HAMPDEN,2020,"5,223","211,163,000","40,429","638,652,000","122,277"
121,121,Hancock,BERKSHIRE,2020,710,"8,772,000","12,355","327,036,000","460,614"
122,122,Hanover,PLYMOUTH,2020,"14,424","782,342,000","54,239","2,802,906,000","194,322"
123,123,Hanson,PLYMOUTH,2020,"10,630","371,451,000","34,944","1,373,623,000","129,221"
124,124,Hardwick,WORCESTER,2020,"3,008","58,000,000","19,282","247,900,500","82,414"
125,125,Harvard,WORCESTER,2020,"6,573","457,708,000","69,635","1,289,986,700","196,255"
126,126,Harwich,BARNSTABLE,2020,"12,180","438,184,000","35,976","5,697,974,900","467,814"
127,127,Hatfield,HAMPSHIRE,2020,"3,298","110,596,000","33,534","563,178,100","170,764"
128,128,Haverhill,ESSEX,2020,"62,765","1,787,098,000","28,473","6,609,657,600","105,308"
129,129,Hawley,FRANKLIN,2020,331,"5,820,000","17,583","49,044,100","148,169"
130,130,Heath,FRANKLIN,2020,693,"9,002,000","12,990","93,228,900","134,529"
131,131,Hingham,PLYMOUTH,2020,"23,120","2,453,158,000","106,105","7,407,974,100","320,414"
132,132,Hinsdale,BERKSHIRE,2020,"1,959","62,930,000","32,124","316,994,600","161,814"
133,133,Holbrook,NORFOLK,2020,"11,050","328,909,000","29,766","1,276,774,300","115,545"
134,134,Holden,WORCESTER,2020,"18,645","806,332,000","43,247","2,377,246,900","127,501"
135,135,Holland,HAMPDEN,2020,"2,506","77,571,000","30,954","332,392,700","132,639"
136,136,Holliston,MIDDLESEX,2020,"14,525","792,863,000","54,586","2,669,635,100","183,796"
137,137,Holyoke,HAMPDEN,2020,"40,684","668,260,000","16,426","2,142,470,000","52,661"
138,138,Hopedale,WORCESTER,2020,"5,955","241,418,000","40,540","776,426,200","130,382"
139,139,Hopkinton,MIDDLESEX,2020,"16,674","1,403,283,000","84,160","3,865,959,600","231,856"
140,140,Hubbardston,WORCESTER,2020,"4,596","157,905,000","34,357","467,728,400","101,769"
141,141,Hudson,MIDDLESEX,2020,"19,864","735,853,000","37,045","2,755,165,600","138,701"
142,142,Hull,PLYMOUTH,2020,"10,491","405,857,000","38,686","2,266,165,500","216,010"
143,143,Huntington,HAMPSHIRE,2020,"2,181","65,518,000","30,040","192,215,800","88,132"
144,144,Ipswich,ESSEX,2020,"13,804","691,350,000","50,083","2,987,460,300","216,420"
145,145,Kingston,PLYMOUTH,2020,"13,301","553,599,000","41,621","2,120,211,600","159,402"
146,146,Lakeville,PLYMOUTH,2020,"11,338","445,087,000","39,256","1,774,669,700","156,524"
147,147,Lancaster,WORCESTER,2020,"8,166","288,244,000","35,298","954,886,800","116,934"
148,148,Lanesborough,BERKSHIRE,2020,"2,991","78,164,000","26,133","402,579,400","134,597"
149,149,Lawrence,ESSEX,2020,"80,231","1,241,902,000","15,479","4,238,762,700","52,832"
150,150,Lee,BERKSHIRE,2020,"5,816","166,520,000","28,631","973,498,900","167,383"
151,151,Leicester,WORCESTER,2020,"11,334","331,359,000","29,236","985,402,100","86,942"
152,152,Lenox,BERKSHIRE,2020,"4,988","226,629,000","45,435","1,265,446,400","253,698"
153,153,Leominster,WORCESTER,2020,"41,569","1,170,639,000","28,161","3,785,321,000","91,061"
154,154,Leverett,FRANKLIN,2020,"1,845","74,600,000","40,434","273,488,400","148,232"
155,155,Lexington,MIDDLESEX,2020,"33,394","3,541,165,000","106,042","12,008,478,900","359,600"
156,156,Leyden,FRANKLIN,2020,713,"25,146,000","35,268","92,167,800","129,268"
157,157,Lincoln,MIDDLESEX,2020,"7,491","950,308,000","126,860","2,292,229,800","305,998"
158,158,Littleton,MIDDLESEX,2020,"9,912","491,226,000","49,559","1,969,238,900","198,672"
159,159,Longmeadow,HAMPDEN,2020,"15,898","1,139,259,000","71,661","2,157,229,000","135,692"
160,160,Lowell,MIDDLESEX,2020,"110,699","2,374,391,000","21,449","8,192,976,800","74,011"
161,161,Ludlow,HAMPDEN,2020,"21,472","583,946,000","27,196","2,154,384,900","100,335"
162,162,Lunenburg,WORCESTER,2020,"11,241","415,497,000","36,963","1,405,368,400","125,022"
163,163,Lynn,ESSEX,2020,"92,457","1,944,277,000","21,029","7,895,464,600","85,396"
164,164,Lynnfield,ESSEX,2020,"12,761","958,736,000","75,130","3,324,301,800","260,505"
165,165,Malden,MIDDLESEX,2020,"61,068","1,612,935,000","26,412","7,590,689,100","124,299"
166,166,Manchester By The Sea,ESSEX,2020,"5,366","702,892,000","130,990","2,526,294,800","470,797"
167,167,Mansfield,BRISTOL,2020,"23,687","1,100,621,000","46,465","3,826,144,000","161,529"
168,168,Marblehead,ESSEX,2020,"20,517","1,684,798,000","82,117","6,182,649,400","301,343"
169,169,Marion,PLYMOUTH,2020,"5,086","279,647,000","54,984","1,693,499,100","332,973"
170,170,Marlborough,MIDDLESEX,2020,"39,818","1,424,311,000","35,771","5,880,360,000","147,681"
171,171,Marshfield,PLYMOUTH,2020,"25,709","1,199,390,000","46,653","5,107,817,200","198,678"
172,172,Mashpee,BARNSTABLE,2020,"14,154","535,123,000","37,807","5,605,682,100","396,049"
173,173,Mattapoisett,PLYMOUTH,2020,"6,267","348,114,000","55,547","1,829,130,600","291,867"
174,174,Maynard,MIDDLESEX,2020,"10,676","406,214,000","38,049","1,386,638,200","129,884"
175,175,Medfield,NORFOLK,2020,"12,718","1,208,641,000","95,034","2,801,486,200","220,277"
176,176,Medford,MIDDLESEX,2020,"57,403","2,150,361,000","37,461","10,557,928,900","183,926"
177,177,Medway,NORFOLK,2020,"13,253","669,674,000","50,530","2,081,768,600","157,079"
178,178,Melrose,MIDDLESEX,2020,"27,997","1,377,947,000","49,218","5,244,113,700","187,310"
179,179,Mendon,WORCESTER,2020,"6,024","344,813,000","57,240","989,637,700","164,282"
180,180,Merrimac,ESSEX,2020,"6,800","249,463,000","36,686","847,714,200","124,664"
181,181,Methuen,ESSEX,2020,"49,660","1,476,667,000","29,736","5,783,276,300","116,457"
182,182,Middleborough,PLYMOUTH,2020,"24,350","704,320,000","28,925","2,710,745,900","111,324"
183,183,Middlefield,HAMPSHIRE,2020,527,"10,112,000","19,188","73,417,000","139,311"
184,184,Middleton,ESSEX,2020,"9,738","507,988,000","52,166","2,128,852,700","218,613"
185,185,Milford,WORCESTER,2020,"28,614","973,555,000","34,024","3,414,149,500","119,317"
186,186,Millbury,WORCESTER,2020,"13,537","436,734,000","32,262","1,670,266,000","123,385"
187,187,Millis,NORFOLK,2020,"8,169","344,341,000","42,152","1,247,044,700","152,656"
188,188,Millville,WORCESTER,2020,"3,234","98,619,000","30,494","315,022,800","97,410"
189,189,Milton,NORFOLK,2020,"27,374","1,887,787,000","68,963","6,039,459,500","220,628"
190,190,Monroe,FRANKLIN,2020,120,"1,023,000","8,525","24,977,400","208,145"
191,191,Monson,HAMPDEN,2020,"8,789","248,375,000","28,260","814,480,800","92,670"
192,192,Montague,FRANKLIN,2020,"8,272","188,513,000","22,789","878,728,100","106,229"
193,193,Monterey,BERKSHIRE,2020,948,"24,488,000","25,831","544,949,000","574,841"
194,194,Montgomery,HAMPDEN,2020,859,"30,479,000","35,482","110,014,200","128,072"
195,195,Mount Washington,BERKSHIRE,2020,163,"3,243,000","19,896","92,351,700","566,575"
196,196,Nahant,ESSEX,2020,"3,485","208,535,000","59,838","910,008,700","261,122"
197,197,Nantucket,NANTUCKET,2020,"10,925","700,262,000","64,097","23,796,647,900","2,178,183"
198,198,Natick,MIDDLESEX,2020,"36,262","2,029,939,000","55,980","8,526,179,100","235,127"
199,199,Needham,NORFOLK,2020,"30,564","3,221,746,000","105,410","10,352,941,600","338,730"
200,200,New Ashford,BERKSHIRE,2020,225,"6,497,000","28,876","39,649,300","176,219"
201,201,New Bedford,BRISTOL,2020,"94,958","1,646,183,000","17,336","6,079,471,600","64,023"
202,202,New Braintree,WORCESTER,2020,"1,022","37,354,000","36,550","114,442,400","111,979"
203,205,New Marlborough,BERKSHIRE,2020,"1,478","42,607,000","28,827","490,850,400","332,104"
204,206,New Salem,FRANKLIN,2020,999,"24,443,000","24,467","113,802,700","113,917"
205,203,Newbury,ESSEX,2020,"6,971","428,858,000","61,520","1,584,277,400","227,267"
206,204,Newburyport,ESSEX,2020,"17,982","1,004,651,000","55,870","4,469,999,500","248,582"
207,207,Newton,MIDDLESEX,2020,"88,817","11,115,445,000","125,150","30,026,624,900","338,073"
208,208,Norfolk,NORFOLK,2020,"11,908","614,678,000","51,619","1,805,854,300","151,651"
209,209,North Adams,BERKSHIRE,2020,"13,263","207,537,000","15,648","762,773,900","57,511"
210,211,North Andover,ESSEX,2020,"29,721","1,664,841,000","56,016","5,031,244,200","169,282"
211,212,North Attleborough,BRISTOL,2020,"29,071","1,132,252,000","38,948","4,009,149,200","137,909"
212,215,North Brookfield,WORCESTER,2020,"4,749","122,597,000","25,815","418,361,600","88,095"
213,217,North Reading,MIDDLESEX,2020,"15,636","895,544,000","57,274","3,160,863,500","202,153"
214,210,Northampton,HAMPSHIRE,2020,"28,540","990,452,000","34,704","3,591,160,400","125,829"
215,213,Northborough,WORCESTER,2020,"15,042","828,105,000","55,053","2,982,076,900","198,250"
216,214,Northbridge,WORCESTER,2020,"16,544","547,925,000","33,119","1,723,087,000","104,152"
217,216,Northfield,FRANKLIN,2020,"2,992","85,591,000","28,607","452,727,800","151,313"
218,218,Norton,BRISTOL,2020,"19,468","702,688,000","36,095","2,512,372,400","129,051"
219,219,Norwell,PLYMOUTH,2020,"10,984","1,014,279,000","92,341","2,807,594,400","255,608"
220,220,Norwood,NORFOLK,2020,"29,095","1,248,146,000","42,899","5,454,226,400","187,463"
221,221,Oak Bluffs,DUKES,2020,"4,677","109,520,000","23,417","3,190,484,700","682,165"
222,222,Oakham,WORCESTER,2020,"1,929","66,017,000","34,223","205,951,500","106,766"
223,223,Orange,FRANKLIN,2020,"7,651","146,828,000","19,191","534,082,800","69,806"
224,224,Orleans,BARNSTABLE,2020,"5,846","282,188,000","48,270","4,253,680,900","727,622"
225,225,Otis,BERKSHIRE,2020,"1,576","45,969,000","29,168","666,372,900","422,825"
226,226,Oxford,WORCESTER,2020,"13,916","405,571,000","29,144","1,388,727,800","99,794"
227,227,Palmer,HAMPDEN,2020,"12,191","309,508,000","25,388","980,132,000","80,398"
228,228,Paxton,WORCESTER,2020,"4,884","186,867,000","38,261","530,101,700","108,538"
229,229,Peabody,ESSEX,2020,"52,504","1,685,630,000","32,105","7,905,666,900","150,573"
230,230,Pelham,HAMPSHIRE,2020,"1,330","48,106,000","36,170","185,031,400","139,121"
231,231,Pembroke,PLYMOUTH,2020,"18,273","739,418,000","40,465","2,834,530,900","155,121"
232,232,Pepperell,MIDDLESEX,2020,"12,165","433,786,000","35,659","1,303,929,800","107,187"
233,233,Peru,BERKSHIRE,2020,845,"17,329,000","20,508","91,385,700","108,149"
234,234,Petersham,WORCESTER,2020,"1,246","38,602,000","30,981","158,092,900","126,880"
235,235,Phillipston,WORCESTER,2020,"1,747","46,999,000","26,903","200,264,700","114,633"
236,236,Pittsfield,BERKSHIRE,2020,"43,303","1,139,885,000","26,323","3,573,278,600","82,518"
237,237,Plainfield,HAMPSHIRE,2020,652,"13,972,000","21,429","94,118,800","144,354"
238,238,Plainville,NORFOLK,2020,"9,057","363,069,000","40,087","1,485,020,600","163,964"
239,239,Plymouth,PLYMOUTH,2020,"58,890","2,242,317,000","38,076","10,781,668,600","183,081"
240,240,Plympton,PLYMOUTH,2020,"2,917","114,502,000","39,253","532,225,000","182,456"
241,241,Princeton,WORCESTER,2020,"3,470","179,229,000","51,651","514,460,100","148,259"
242,242,Provincetown,BARNSTABLE,2020,"2,968","173,039,000","58,302","3,070,051,300","1,034,384"
243,243,Quincy,NORFOLK,2020,"93,618","3,169,176,000","33,852","15,986,795,000","170,766"
244,244,Randolph,NORFOLK,2020,"33,699","916,484,000","27,196","3,647,034,600","108,224"
245,245,Raynham,BRISTOL,2020,"13,797","539,453,000","39,099","2,254,098,800","163,376"
246,246,Reading,MIDDLESEX,2020,"25,704","1,510,376,000","58,760","5,143,035,900","200,087"
247,247,Rehoboth,BRISTOL,2020,"12,008","518,962,000","43,218","1,863,173,000","155,161"
248,248,Revere,SUFFOLK,2020,"53,422","1,264,365,000","23,667","6,112,000,400","114,410"
249,249,Richmond,BERKSHIRE,2020,"1,429","82,442,000","57,692","428,896,400","300,137"
250,250,Rochester,PLYMOUTH,2020,"5,494","231,719,000","42,177","962,759,700","175,238"
251,251,Rockland,PLYMOUTH,2020,"17,832","526,926,000","29,549","2,114,977,100","118,606"
252,252,Rockport,ESSEX,2020,"7,206","319,019,000","44,271","2,219,088,300","307,950"
253,253,Rowe,FRANKLIN,2020,383,"9,783,000","25,543","284,026,200","741,583"
254,254,Rowley,ESSEX,2020,"6,285","286,678,000","45,613","1,079,425,500","171,746"
255,255,Royalston,WORCESTER,2020,"1,274","32,365,000","25,404","120,880,700","94,883"
256,256,Russell,HAMPDEN,2020,"1,787","42,344,000","23,696","144,727,200","80,989"
257,257,Rutland,WORCESTER,2020,"8,527","310,699,000","36,437","908,839,600","106,584"
258,258,Salem,ESSEX,2020,"42,869","1,276,339,000","29,773","5,405,036,100","126,083"
259,259,Salisbury,ESSEX,2020,"9,261","262,905,000","28,388","1,754,512,300","189,452"
260,260,Sandisfield,BERKSHIRE,2020,910,"17,773,000","19,531","230,321,300","253,100"
261,261,Sandwich,BARNSTABLE,2020,"20,445","801,174,000","39,187","4,294,060,900","210,030"
262,262,Saugus,ESSEX,2020,"27,994","949,367,000","33,913","4,742,468,400","169,410"
263,263,Savoy,BERKSHIRE,2020,677,"17,786,000","26,272","69,383,000","102,486"
264,264,Scituate,PLYMOUTH,2020,"18,478","1,172,099,000","63,432","4,819,519,000","260,825"
265,265,Seekonk,BRISTOL,2020,"14,968","555,144,000","37,089","2,435,953,700","162,744"
266,266,Sharon,NORFOLK,2020,"18,173","1,223,032,000","67,299","3,666,373,500","201,748"
267,267,Sheffield,BERKSHIRE,2020,"3,191","88,255,000","27,657","611,528,200","191,642"
268,268,Shelburne,FRANKLIN,2020,"1,848","39,122,749","21,170","249,718,300","135,129"
269,269,Sherborn,MIDDLESEX,2020,"4,300","743,260,000","172,851","1,323,636,700","307,822"
270,270,Shirley,MIDDLESEX,2020,"7,400","199,943,000","27,019","706,189,700","95,431"
271,271,Shrewsbury,WORCESTER,2020,"36,805","2,028,381,000","55,112","6,091,353,800","165,503"
272,272,Shutesbury,FRANKLIN,2020,"1,764","44,628,000","25,299","220,424,500","124,957"
273,273,Somerset,BRISTOL,2020,"18,288","537,483,000","29,390","2,248,577,600","122,954"
274,274,Somerville,MIDDLESEX,2020,"80,318","3,097,279,000","38,563","15,170,069,800","188,875"
275,278,South Hadley,HAMPSHIRE,2020,"17,743","553,170,000","31,177","1,608,596,500","90,661"
276,275,Southampton,HAMPSHIRE,2020,"6,152","247,793,000","40,278","751,039,000","122,080"
277,276,Southborough,WORCESTER,2020,"10,038","1,064,118,000","106,009","2,581,928,000","257,215"
278,277,Southbridge,WORCESTER,2020,"16,865","342,523,000","20,310","1,062,982,400","63,029"
279,279,Southwick,HAMPDEN,2020,"9,737","362,977,000","37,278","1,108,115,700","113,805"
280,280,Spencer,WORCESTER,2020,"11,810","318,655,000","26,982","1,117,662,500","94,637"
281,281,Springfield,HAMPDEN,2020,"154,341","2,292,704,000","14,855","8,214,498,300","53,223"
282,282,Sterling,WORCESTER,2020,"7,992","360,209,000","45,071","1,126,832,600","140,995"
283,283,Stockbridge,BERKSHIRE,2020,"1,938","74,156,000","38,264","897,418,300","463,064"
284,284,Stoneham,MIDDLESEX,2020,"22,002","934,298,000","42,464","4,037,834,200","183,521"
285,285,Stoughton,NORFOLK,2020,"28,431","935,388,000","32,900","4,014,565,300","141,204"
286,286,Stow,MIDDLESEX,2020,"7,125","448,150,000","62,898","1,326,450,500","186,168"
287,287,Sturbridge,WORCESTER,2020,"9,514","412,587,000","43,366","1,304,272,900","137,090"
288,288,Sudbury,MIDDLESEX,2020,"18,874","2,001,547,000","106,048","4,796,024,700","254,107"
289,289,Sunderland,FRANKLIN,2020,"3,657","104,149,000","28,479","374,363,600","102,369"
290,290,Sutton,WORCESTER,2020,"9,272","471,055,000","50,804","1,481,010,900","159,729"
291,291,Swampscott,ESSEX,2020,"14,477","1,023,461,000","70,696","3,001,502,900","207,329"
292,292,Swansea,BRISTOL,2020,"16,387","528,966,000","32,280","2,243,617,600","136,914"
293,293,Taunton,BRISTOL,2020,"56,789","1,427,458,000","25,136","5,319,886,500","93,678"
294,294,Templeton,WORCESTER,2020,"8,176","210,906,000","25,796","640,991,600","78,399"
295,295,Tewksbury,MIDDLESEX,2020,"30,915","1,214,749,000","39,293","4,874,518,000","157,675"
296,296,Tisbury,DUKES,2020,"4,099","95,950,314","23,408","2,884,208,400","703,637"
297,297,Tolland,HAMPDEN,2020,496,"12,663,000","25,530","192,519,300","388,144"
298,298,Topsfield,ESSEX,2020,"6,529","463,093,000","70,929","1,429,914,200","219,010"
299,299,Townsend,MIDDLESEX,2020,"9,515","301,746,000","31,713","903,825,200","94,990"
300,300,Truro,BARNSTABLE,2020,"2,007","79,053,000","39,389","2,299,599,100","1,145,789"
301,301,Tyngsborough,MIDDLESEX,2020,"12,267","518,664,000","42,281","1,683,280,600","137,220"
302,302,Tyringham,BERKSHIRE,2020,325,"7,838,000","24,117","201,948,700","621,381"
303,303,Upton,WORCESTER,2020,"7,725","421,646,000","54,582","1,214,624,300","157,233"
304,304,Uxbridge,WORCESTER,2020,"13,892","504,144,000","36,290","1,755,491,600","126,367"
305,305,Wakefield,MIDDLESEX,2020,"26,847","1,222,687,000","45,543","5,099,399,000","189,943"
306,306,Wales,HAMPDEN,2020,"1,899","41,986,000","22,110","170,538,800","89,805"
307,307,Walpole,NORFOLK,2020,"25,102","1,353,215,000","53,909","4,736,050,400","188,672"
308,308,Waltham,MIDDLESEX,2020,"63,378","2,310,541,000","36,457","12,407,269,700","195,766"
309,309,Ware,HAMPSHIRE,2020,"9,888","223,979,000","22,652","757,553,700","76,613"
310,310,Wareham,PLYMOUTH,2020,"22,408","534,207,000","23,840","3,709,170,100","165,529"
311,311,Warren,WORCESTER,2020,"5,189","97,578,000","18,805","395,108,500","76,143"
312,312,Warwick,FRANKLIN,2020,762,"14,974,000","19,651","78,434,800","102,933"
313,313,Washington,BERKSHIRE,2020,535,"15,158,000","28,333","85,102,900","159,071"
314,314,Watertown,MIDDLESEX,2020,"34,319","1,549,799,000","45,159","7,951,185,300","231,685"
315,315,Wayland,MIDDLESEX,2020,"13,684","2,105,722,000","153,882","3,847,489,100","281,167"
316,316,Webster,WORCESTER,2020,"16,893","435,071,000","25,755","1,607,119,100","95,135"
317,317,Wellesley,NORFOLK,2020,"29,000","5,288,227,000","182,353","12,421,188,300","428,317"
318,318,Wellfleet,BARNSTABLE,2020,"2,749","109,425,000","39,805","2,523,728,900","918,053"
319,319,Wendell,FRANKLIN,2020,870,"18,364,000","21,108","95,742,900","110,049"
320,320,Wenham,ESSEX,2020,"5,163","325,355,000","63,017","823,685,800","159,536"
321,322,West Boylston,WORCESTER,2020,"7,894","264,331,000","33,485","974,854,400","123,493"
322,323,West Bridgewater,PLYMOUTH,2020,"7,094","259,275,000","36,548","1,268,319,800","178,788"
323,324,West Brookfield,WORCESTER,2020,"3,780","126,395,000","33,438","391,008,700","103,441"
324,329,West Newbury,ESSEX,2020,"4,541","302,018,000","66,509","955,510,900","210,419"
325,332,West Springfield,HAMPDEN,2020,"28,693","782,065,000","27,256","2,823,620,200","98,408"
326,333,West Stockbridge,BERKSHIRE,2020,"1,274","48,259,000","37,880","396,939,400","311,569"
327,334,West Tisbury,DUKES,2020,"2,896","102,527,000","35,403","2,646,075,100","913,700"
328,321,Westborough,WORCESTER,2020,"18,934","1,157,183,000","61,117","4,223,552,400","223,067"
329,325,Westfield,HAMPDEN,2020,"41,690","1,078,643,000","25,873","3,343,027,700","80,188"
330,326,Westford,MIDDLESEX,2020,"23,831","1,478,766,000","62,052","4,774,432,100","200,345"
331,327,Westhampton,HAMPSHIRE,2020,"1,638","59,573,000","36,369","235,299,300","143,650"
332,328,Westminster,WORCESTER,2020,"7,570","290,336,000","38,354","1,012,450,300","133,745"
333,330,Weston,MIDDLESEX,2020,"12,057","3,679,925,000","305,211","6,495,550,900","538,737"
334,331,Westport,BRISTOL,2020,"15,814","624,316,000","39,479","3,393,226,100","214,571"
335,335,Westwood,NORFOLK,2020,"16,055","1,666,870,000","103,822","4,713,941,600","293,612"
336,336,Weymouth,NORFOLK,2020,"55,957","1,901,871,000","33,988","8,154,408,700","145,726"
337,337,Whately,FRANKLIN,2020,"1,518","37,326,000","24,589","280,732,300","184,936"
338,338,Whitman,PLYMOUTH,2020,"14,849","453,291,000","30,527","1,638,287,500","110,330"
339,339,Wilbraham,HAMPDEN,2020,"14,638","649,033,000","44,339","1,748,349,400","119,439"
340,340,Williamsburg,HAMPSHIRE,2020,"2,469","65,447,820","26,508","322,631,400","130,673"
341,341,Williamstown,BERKSHIRE,2020,"7,620","266,425,000","34,964","1,008,880,400","132,399"
342,342,Wilmington,MIDDLESEX,2020,"23,534","1,019,073,000","43,302","4,633,611,500","196,890"
343,343,Winchendon,WORCESTER,2020,"10,698","227,939,000","21,307","724,421,600","67,716"
344,344,Winchester,MIDDLESEX,2020,"22,417","2,262,359,000","100,922","7,681,074,900","342,645"
345,345,Windsor,BERKSHIRE,2020,895,"28,088,000","31,383","121,136,700","135,348"
346,346,Winthrop,SUFFOLK,2020,"18,164","604,596,000","33,285","2,386,490,000","131,386"
347,347,Woburn,MIDDLESEX,2020,"39,555","1,597,417,000","40,385","7,909,145,900","199,953"
348,348,Worcester,WORCESTER,2020,"184,815","3,971,207,000","21,487","13,336,462,800","72,161"
349,349,Worthington,HAMPSHIRE,2020,"1,188","31,558,000","26,564","177,583,800","149,481"
350,350,Wrentham,NORFOLK,2020,"11,548","635,145,000","55,000","2,225,687,600","192,734"
351,351,Yarmouth,BARNSTABLE,2020,"23,467","742,879,000","31,656","6,274,212,500","267,363"